module,function_name,line,lines_of_code,hash,args,docstring
"vascular_lib/adapters/mesh_adapter.py","to_trimesh",14,132,"5935ba9b","network,mode,radial_resolution,include_caps,min_segment_length","Convert VascularNetwork to trimesh.Trimesh for STL export.  Two modes: - 'fast': Concatenate all seg"
"vascular_lib/adapters/mesh_adapter.py","_create_capsule_mesh",149,64,"f5411d26","start,end,r_start,r_end,radial_resolution,include_caps","Create a capsule mesh (cylinder with optional hemispherical caps).  Parameters ---------- start : np"
"vascular_lib/adapters/mesh_adapter.py","export_stl",216,55,"949b41a9","network,output_path,mode,repair","Export VascularNetwork to STL file.  Parameters ---------- network : VascularNetwork     The vascula"
"vascular_lib/adapters/networkx_adapter.py","to_networkx_graph",16,70,"10f7f652","network","Convert VascularNetwork to NetworkX graph.  The resulting graph has node attributes: - 'coord': [x, "
"vascular_lib/adapters/networkx_adapter.py","from_networkx_graph",89,79,"254c956a","G,domain,node_id_map","Convert NetworkX graph to VascularNetwork.  Parameters ---------- G : nx.Graph     NetworkX graph wi"
"vascular_lib/adapters/report_adapter.py","make_full_report",10,115,"a1ee1163","network,include_flow,include_geometry,include_coverage,tissue_points,mu,pin,pout","Create comprehensive LLM-friendly report combining all metrics.  Integrates with existing vascular_n"
"vascular_lib/adapters/report_adapter.py","_compute_quality_flags",128,23,"0a037cb0","report","Compute quality flags from report data."
"vascular_lib/adapters/report_adapter.py","_generate_summary",154,25,"fae8cd60","report","Generate natural language summary."
"vascular_lib/analysis/coverage.py","compute_coverage",11,87,"d3f47b1a","network,tissue_points,diffusion_distance,vessel_type","Compute tissue coverage by vascular network.  Parameters ---------- network : VascularNetwork     Ne"
"vascular_lib/analysis/flow.py","estimate_flows",10,110,"34f42471","network,inlet_pressures,outlet_pressures,blood_viscosity","import warnings warnings.warn(     'estimate_flows() is deprecated. Use compute_component_flows() fr"
"vascular_lib/analysis/flow.py","check_hemodynamic_plausibility",123,86,"ecaf51af","network,flow_result","Check hemodynamic plausibility of network.  Returns warnings for potential issues.  Parameters -----"
"vascular_lib/analysis/perfusion.py","compute_perfusion_metrics",13,143,"f592e21e","network,tissue_points,weights,distance_cap","Compute tissue perfusion metrics for dual-tree networks.  Analyzes perfusion based on proximity to b"
"vascular_lib/analysis/perfusion.py","suggest_anastomosis_locations",159,99,"d94e37c9","network,perfusion_metrics,rules,k","Suggest anastomosis locations based on perfusion analysis.  Identifies arterial-venous node pairs th"
"vascular_lib/analysis/query.py","get_leaf_nodes",10,26,"fad5ec4e","network,vessel_type","Get all leaf (terminal) nodes in the network.  Parameters ---------- network : VascularNetwork     N"
"vascular_lib/analysis/query.py","get_paths_from_inlet",39,44,"49bcde57","network,inlet_id","Get all paths from an inlet to leaf nodes.  Parameters ---------- network : VascularNetwork     Netw"
"vascular_lib/analysis/query.py","get_branch_order",86,25,"94c0c2e2","network,node_id","Get branch order of a node.  Branch order is the number of bifurcations from the inlet.  Parameters "
"vascular_lib/analysis/query.py","measure_segment_lengths",114,44,"9fd3a986","network,vessel_type","Measure segment length statistics.  Parameters ---------- network : VascularNetwork     Network to q"
"vascular_lib/analysis/query.py","dfs",70,9,"7064025a","node_id,path",""
"vascular_lib/analysis/solver.py","solve_flow",13,142,"2f27c8d8","network,inlet_node_ids,outlet_node_ids,pin,pout,mu,write_to_network","Solve flow through the vascular network using full Poiseuille solver.  This wraps the existing vascu"
"vascular_lib/analysis/solver.py","compute_component_flows",158,114,"70251954","network","Compute flow metrics per component (per tree).  For each connected component, measures flow from its"
"vascular_lib/analysis/solver.py","check_flow_plausibility",275,92,"fb3c5929","network","Check if flow solution is hemodynamically plausible.  Checks: - Flow conservation at junctions - Pre"
"vascular_lib/analysis/structure.py","compute_branch_stats",8,41,"804c3ff7","network","Compute comprehensive branch statistics.  Parameters ---------- network : VascularNetwork     Networ"
"vascular_lib/api/design.py","design_from_spec",14,107,"0beb6fd3","spec","Build a vascular network from a design specification.  This is the main entry point for LLM-driven v"
"vascular_lib/api/evaluate.py","evaluate_network",25,26,"6a9c70f8","network,tissue_points,config","Evaluate vascular network quality with comprehensive metrics."
"vascular_lib/api/evaluate.py","_compute_coverage_metrics",54,32,"d1b27476","network,tissue_points","Compute coverage and perfusion metrics."
"vascular_lib/api/evaluate.py","_compute_flow_metrics",89,54,"b129b554","network,config","Compute hemodynamic flow metrics."
"vascular_lib/api/evaluate.py","_compute_structure_metrics",146,84,"40824d1b","network,config","Compute structural and topological metrics."
"vascular_lib/api/evaluate.py","_compute_validity_metrics",233,21,"71415bd5","network","Compute validity and quality checks."
"vascular_lib/api/evaluate.py","_compute_scores",257,21,"f8d60cd2","coverage,flow,structure,config","Compute normalized quality scores (0-1, higher is better)."
"vascular_lib/api/experiment.py","run_experiment",19,139,"1d830eff","spec,output_dir,eval_config,save_network,save_spec,save_eval","Run complete vascular network design experiment.  This function: 1. Creates network from DesignSpec "
"vascular_lib/core/domain.py","domain_from_dict",381,11,"ad738ba4","d","Create domain from dictionary based on type."
"vascular_lib/core/domain.py","contains",16,2,"1d486039","self,point","Check if a point is inside the domain."
"vascular_lib/core/domain.py","project_inside",21,2,"c071588a","self,point","Project a point to the nearest point inside the domain."
"vascular_lib/core/domain.py","distance_to_boundary",26,2,"9637ba56","self,point","Compute distance from point to domain boundary."
"vascular_lib/core/domain.py","sample_points",31,2,"f206570c","self,n_points,seed","Sample random points inside the domain."
"vascular_lib/core/domain.py","to_dict",36,2,"52da87e2","self","Convert to dictionary for serialization."
"vascular_lib/core/domain.py","get_bounds",41,2,"a3408d7d","self","Get bounding box (min_x, max_x, min_y, max_y, min_z, max_z)."
"vascular_lib/core/domain.py","__post_init__",55,2,"14032b2b","self",""
"vascular_lib/core/domain.py","contains",59,11,"89093b94","self,point","Check if point is inside ellipsoid."
"vascular_lib/core/domain.py","project_inside",72,27,"a73934c5","self,point","Project point to nearest point inside ellipsoid."
"vascular_lib/core/domain.py","distance_to_boundary",101,25,"f5a5d5a8","self,point","Approximate distance to boundary."
"vascular_lib/core/domain.py","sample_points",128,19,"c145163f","self,n_points,seed","Sample random points uniformly inside ellipsoid."
"vascular_lib/core/domain.py","get_bounds",149,9,"c8303197","self","Get bounding box."
"vascular_lib/core/domain.py","to_dict",160,8,"da16ba2f","self","Convert to dictionary."
"vascular_lib/core/domain.py","from_dict",171,7,"71eedc4b","cls,d","Create from dictionary."
"vascular_lib/core/domain.py","__post_init__",192,7,"33643844","self","Validate box dimensions."
"vascular_lib/core/domain.py","contains",201,6,"beef9301","self,point","Check if point is inside box."
"vascular_lib/core/domain.py","project_inside",209,10,"b1a591b1","self,point","Project point to nearest point inside box."
"vascular_lib/core/domain.py","distance_to_boundary",221,9,"4ce65a43","self,point","Compute distance to nearest box face."
"vascular_lib/core/domain.py","sample_points",232,8,"195a7625","self,n_points,seed","Sample random points uniformly inside box."
"vascular_lib/core/domain.py","get_bounds",242,6,"6d1e4255","self","Get bounding box (same as box itself)."
"vascular_lib/core/domain.py","to_dict",250,10,"e9bf12f9","self","Convert to dictionary."
"vascular_lib/core/domain.py","from_dict",263,9,"063db2cc","cls,d","Create from dictionary."
"vascular_lib/core/domain.py","from_center_and_size",275,9,"916a893e","cls,center,width,height,depth","Create box from center point and dimensions."
"vascular_lib/core/domain.py","__post_init__",294,8,"52d1e869","self","Load mesh on initialization."
"vascular_lib/core/domain.py","contains",304,3,"0741939c","self,point","Check if point is inside mesh."
"vascular_lib/core/domain.py","project_inside",309,13,"6820e838","self,point","Project point to nearest point inside mesh."
"vascular_lib/core/domain.py","distance_to_boundary",324,4,"f6c574f7","self,point","Compute distance to mesh boundary."
"vascular_lib/core/domain.py","sample_points",330,27,"d87c24fa","self,n_points,seed","Sample random points inside mesh."
"vascular_lib/core/domain.py","get_bounds",359,7,"38a906b9","self","Get bounding box."
"vascular_lib/core/domain.py","to_dict",368,5,"fb8ad934","self","Convert to dictionary."
"vascular_lib/core/domain.py","from_dict",376,2,"c5fb1420","cls,d","Create from dictionary."
"vascular_lib/core/ids.py","__init__",11,13,"3a79f015","self,seed,start_id","Initialize ID generator.  Parameters ---------- seed : int, optional     Random seed for determinist"
"vascular_lib/core/ids.py","next_id",26,4,"62ef7453","self","Get next ID."
"vascular_lib/core/ids.py","peek_next_id",32,2,"63382f21","self","Peek at next ID without consuming it."
"vascular_lib/core/ids.py","reset",36,2,"664967a3","self,start_id","Reset ID counter."
"vascular_lib/core/ids.py","get_state",40,6,"2a1a2702","self","Get current state for serialization."
"vascular_lib/core/ids.py","set_state",48,6,"374fcd1e","self,state","Restore state from serialization."
"vascular_lib/core/network.py","to_dict",27,8,"c3afd268","self","Convert to dictionary for serialization."
"vascular_lib/core/network.py","from_dict",38,8,"f4cdbb30","cls,d","Create from dictionary."
"vascular_lib/core/network.py","to_dict",64,9,"1d736e3a","self","Convert to dictionary for serialization."
"vascular_lib/core/network.py","from_dict",76,9,"0c83add2","cls,d","Create from dictionary."
"vascular_lib/core/network.py","__init__",95,27,"9f4eb852","self,domain,metadata,seed","Initialize vascular network.  Parameters ---------- domain : DomainSpec     Geometric domain for the"
"vascular_lib/core/network.py","add_node",124,3,"8ea6f54e","self,node","Add a node to the network."
"vascular_lib/core/network.py","add_segment",129,7,"1652c8db","self,segment","Add a segment to the network."
"vascular_lib/core/network.py","remove_node",138,4,"8b2dd8db","self,node_id","Remove a node from the network."
"vascular_lib/core/network.py","remove_segment",144,4,"cc844237","self,segment_id","Remove a segment from the network."
"vascular_lib/core/network.py","get_node",150,2,"80cf1ac9","self,node_id","Get node by ID."
"vascular_lib/core/network.py","get_segment",154,2,"6a7b8893","self,segment_id","Get segment by ID."
"vascular_lib/core/network.py","get_spatial_index",158,5,"b90180e8","self","Get or create spatial index."
"vascular_lib/core/network.py","_invalidate_spatial_index",165,2,"d55ee871","self","Invalidate spatial index after modifications."
"vascular_lib/core/network.py","snapshot",169,8,"dda3bba8","self","Create a snapshot of current network state."
"vascular_lib/core/network.py","restore",179,6,"04663e5b","self,snapshot","Restore network from a snapshot."
"vascular_lib/core/network.py","to_dict",187,9,"28c3c0d2","self","Convert to dictionary for serialization."
"vascular_lib/core/network.py","from_dict",199,16,"6e31fe84","cls,d","Create from dictionary."
"vascular_lib/core/network.py","apply_delta",217,62,"c07f4a2f","self,delta","Apply a delta to the network.  This is the core operation for undo/redo functionality.  Parameters -"
"vascular_lib/core/network.py","push_undo",281,7,"78da7ac4","self,delta","Push a delta onto the undo stack.  This should be called after every successful mutating operation."
"vascular_lib/core/network.py","undo",290,27,"2326f5bd","self","Undo the last operation.  Returns ------- OperationResult     Result of the undo operation"
"vascular_lib/core/network.py","redo",319,19,"1189b860","self","Redo the last undone operation.  Returns ------- OperationResult     Result of the redo operation"
"vascular_lib/core/network.py","can_undo",340,2,"1bb4f2c9","self","Check if undo is available."
"vascular_lib/core/network.py","can_redo",344,2,"64e4b08b","self","Check if redo is available."
"vascular_lib/core/result.py","to_dict",65,9,"b7600c6c","self","Convert to dictionary for serialization."
"vascular_lib/core/result.py","from_dict",77,9,"3982cb2b","cls,d","Create from dictionary."
"vascular_lib/core/result.py","is_success",107,2,"88764872","self","Check if operation was successful."
"vascular_lib/core/result.py","is_failure",111,2,"d266fd27","self","Check if operation failed."
"vascular_lib/core/result.py","add_warning",115,2,"2a6f0674","self,warning","Add a warning message."
"vascular_lib/core/result.py","add_error",119,4,"1f189142","self,error,code","Add an error message with optional error code."
"vascular_lib/core/result.py","to_dict",125,12,"e33296a0","self","Convert to dictionary for serialization (JSON-safe)."
"vascular_lib/core/result.py","from_dict",140,12,"a2dbed16","cls,d","Create from dictionary."
"vascular_lib/core/result.py","success",155,2,"de0f8da1","cls,message","Create a success result."
"vascular_lib/core/result.py","failure",160,2,"c2f36cd3","cls,message","Create a failure result."
"vascular_lib/core/result.py","partial_success",165,2,"bd85e843","cls,message","Create a partial success result."
"vascular_lib/core/types.py","to_array",18,2,"a41a7597","self","Convert to numpy array."
"vascular_lib/core/types.py","from_array",23,2,"c72e2a04","cls,arr","Create from numpy array."
"vascular_lib/core/types.py","to_tuple",27,2,"2a5604a0","self","Convert to tuple."
"vascular_lib/core/types.py","from_tuple",32,2,"0dfbb6b8","cls,t","Create from tuple."
"vascular_lib/core/types.py","distance_to",36,5,"140b77fe","self,other","Compute Euclidean distance to another point."
"vascular_lib/core/types.py","to_dict",43,2,"2e96cd8f","self","Convert to dictionary for serialization."
"vascular_lib/core/types.py","from_dict",48,2,"00a9ca6c","cls,d","Create from dictionary."
"vascular_lib/core/types.py","__post_init__",61,2,"4ad96e4f","self","Normalize on creation."
"vascular_lib/core/types.py","normalize",65,7,"b89c640a","self","Normalize to unit length."
"vascular_lib/core/types.py","to_array",74,2,"d1ae687d","self","Convert to numpy array."
"vascular_lib/core/types.py","from_array",79,2,"e4be1d18","cls,arr","Create from numpy array (will be normalized)."
"vascular_lib/core/types.py","to_tuple",83,2,"132d01e8","self","Convert to tuple."
"vascular_lib/core/types.py","from_tuple",88,2,"5b37d3a2","cls,t","Create from tuple (will be normalized)."
"vascular_lib/core/types.py","dot",92,2,"1f905fba","self,other","Compute dot product with another direction."
"vascular_lib/core/types.py","cross",96,5,"bf547b08","self,other","Compute cross product with another direction."
"vascular_lib/core/types.py","angle_to",103,3,"58cf8607","self,other","Compute angle to another direction in radians."
"vascular_lib/core/types.py","to_dict",108,2,"9050dbec","self","Convert to dictionary for serialization."
"vascular_lib/core/types.py","from_dict",113,2,"b38f1035","cls,d","Create from dictionary."
"vascular_lib/core/types.py","length",128,9,"ac3b6ee4","self","Compute segment length."
"vascular_lib/core/types.py","direction",139,5,"9b27ec57","self","Get overall direction from start to end."
"vascular_lib/core/types.py","mean_radius",146,2,"066fb04d","self","Get mean radius."
"vascular_lib/core/types.py","to_dict",150,8,"1bbafb98","self","Convert to dictionary for serialization."
"vascular_lib/core/types.py","from_dict",161,8,"aa744550","cls,d","Create from dictionary."
"vascular_lib/examples/design_spec_example.py","example_1_single_tree_with_preset",17,43,"137b7590","","Example 1: Single arterial tree using parameter preset."
"vascular_lib/examples/design_spec_example.py","example_2_custom_colonization_params",63,49,"8fcf170f","","Example 2: Custom colonization parameters (not using preset)."
"vascular_lib/examples/design_spec_example.py","example_3_dual_tree_design",115,44,"79374453","","Example 3: Dual-tree (arterial + venous) network."
"vascular_lib/examples/design_spec_example.py","example_4_iterative_refinement",162,47,"5f1aa31e","","Example 4: Iterative spec refinement based on evaluation."
"vascular_lib/examples/design_spec_example.py","example_5_spec_serialization",212,35,"3feabb7c","","Example 5: Saving and loading specs as JSON."
"vascular_lib/examples/design_spec_example.py","main",250,20,"b71721ba","","Run all examples."
"vascular_lib/examples/double_tree_design.py","main",33,205,"c673c727","","Build a dual-tree vascular network with anastomoses."
"vascular_lib/examples/full_pipeline.py","main",20,197,"57e5ca43","","Run complete pipeline."
"vascular_lib/examples/llm_design_loop.py","example_basic_construction",32,46,"1bea4919","","Example 1: Basic network construction."
"vascular_lib/examples/llm_design_loop.py","example_manual_growth",81,37,"190e6021","network,inlet_id","Example 2: Manual branch growth and bifurcation."
"vascular_lib/examples/llm_design_loop.py","example_space_colonization",121,31,"fcb95438","network,inlet_id","Example 3: Space colonization for organic growth."
"vascular_lib/examples/llm_design_loop.py","example_coverage_analysis",155,25,"7302d0e4","network","Example 4: Coverage analysis."
"vascular_lib/examples/llm_design_loop.py","example_flow_analysis",183,27,"b65594f0","network,inlet_id,outlet_id","Example 5: Flow analysis."
"vascular_lib/examples/llm_design_loop.py","example_serialization",213,17,"399e09b2","network","Example 6: Save and load network."
"vascular_lib/examples/llm_design_loop.py","example_query_operations",233,22,"a1f0f236","network,inlet_id","Example 7: Query operations."
"vascular_lib/examples/llm_design_loop.py","main",258,25,"9fb15489","","Run all examples."
"vascular_lib/io/serialize.py","save_json",11,27,"4a948e23","network,filepath,indent","Save vascular network to JSON file.  Parameters ---------- network : VascularNetwork     Network to "
"vascular_lib/io/serialize.py","load_json",41,30,"ba4f3d3d","filepath","Load vascular network from JSON file.  Parameters ---------- filepath : str or Path     Input file p"
"vascular_lib/ops/anastomosis.py","create_anastomosis",13,178,"5f8fff55","network,arterial_node_id,venous_node_id,rules,radius,max_length,dry_run","Create an anastomosis (capillary connection) between arterial and venous nodes.  This operation crea"
"vascular_lib/ops/anastomosis.py","check_tree_interactions",194,108,"dbd0b205","network,rules","Check for cross-type clearance violations and anastomosis opportunities.  Analyzes the network for: "
"vascular_lib/ops/build.py","create_network",12,34,"5e7c930b","domain,metadata,seed","Create a new empty vascular network.  Parameters ---------- domain : DomainSpec     Geometric domain"
"vascular_lib/ops/build.py","add_inlet",49,65,"ebbed124","network,position,direction,radius,vessel_type","Add an inlet node to the network.  Parameters ---------- network : VascularNetwork     Network to mo"
"vascular_lib/ops/build.py","add_outlet",117,65,"9b610cbd","network,position,direction,radius,vessel_type","Add an outlet node to the network.  Parameters ---------- network : VascularNetwork     Network to m"
"vascular_lib/ops/collision.py","get_collisions",25,40,"ff920e8f","network,min_clearance,exclude_connected","Find all segment pairs that are too close.  Parameters ---------- network : VascularNetwork     Netw"
"vascular_lib/ops/collision.py","avoid_collisions",68,46,"84b8a1f3","network,min_clearance,repair_strategy","Detect and optionally repair collisions.  Parameters ---------- network : VascularNetwork     Networ"
"vascular_lib/ops/collision.py","_repair_by_reroute",117,133,"157fe4a8","network,collisions,min_clearance,max_attempts,cone_angle,angular_step","Repair collisions by rerouting segments.  Strategy: Sample directions in a cone around the desired d"
"vascular_lib/ops/collision.py","_repair_by_shrink",253,77,"ed6d4ca0","network,collisions,min_clearance,shrink_factor,min_radius","Repair collisions by shrinking radius and/or length."
"vascular_lib/ops/collision.py","_repair_by_terminate",333,47,"b6d015a1","network,collisions","Repair collisions by marking end nodes as terminal."
"vascular_lib/ops/collision.py","_compute_direction",383,16,"2addf839","segment","Compute direction vector from segment."
"vascular_lib/ops/collision.py","_sample_cone_direction",402,32,"374cf320","base_direction,cone_angle,angular_step,attempt","Sample a direction within a cone around base_direction.  Uses systematic sampling with increasing an"
"vascular_lib/ops/collision.py","_check_segment_clearance",437,42,"3e3239ed","network,seg_id,start,end,radius","Check minimum clearance of a segment to all other segments.  Returns minimum distance to other segme"
"vascular_lib/ops/collision.py","_segment_to_segment_distance",482,34,"1e3e3d28","p1,p2,q1,q2","Compute minimum distance between two line segments."
"vascular_lib/ops/growth.py","grow_branch",14,168,"a84a6e4d","network,from_node_id,length,direction,target_radius,constraints,check_collisions,seed","Grow a branch from an existing node.  Parameters ---------- network : VascularNetwork     Network to"
"vascular_lib/ops/growth.py","bifurcate",185,164,"c7707577","network,at_node_id,child_lengths,angle_deg,radius_rule,degradation_rule,constraints,check_collisions,seed","Create a bifurcation at an existing node.  Parameters ---------- network : VascularNetwork     Netwo"
"vascular_lib/ops/pathfinding.py","grow_toward_targets",47,124,"fb163b95","network,from_node_id,target_positions,cost_weights,constraints,segment_length,seed","Grow branch directly toward target positions.  This is a simplified pathfinding implementation that "
"vascular_lib/ops/pathfinding.py","to_dict",25,8,"7d60c74a","self","Convert to dictionary."
"vascular_lib/ops/pathfinding.py","from_dict",36,8,"ff1f6b8f","cls,d","Create from dictionary."
"vascular_lib/ops/space_colonization.py","space_colonization_step",90,261,"869cfa0e","network,tissue_points,params,constraints,seed","Perform space colonization growth step.  This algorithm grows vascular networks towards tissue point"
"vascular_lib/ops/space_colonization.py","_compute_angle_spread",354,16,"7c15ba65","vectors","Compute maximum pairwise angle between unit vectors.  Returns angle in degrees."
"vascular_lib/ops/space_colonization.py","_cluster_attractions_by_angle",373,61,"6f659df7","attraction_vectors,max_clusters","Cluster attraction vectors into groups using simple angle-based two-means.  Returns list of cluster "
"vascular_lib/ops/space_colonization.py","_apply_directional_blending",437,53,"c0271cdd","avg_direction,node,params","Apply directional constraint blending to a growth direction."
"vascular_lib/ops/space_colonization.py","_apply_curvature_constraint",493,50,"7b873d77","growth_direction,node,params","Apply maximum curvature constraint to growth direction.  If the node has a previous direction and ma"
"vascular_lib/ops/space_colonization.py","_check_clearance",546,46,"7bbe4b97","new_position,network,from_node_id,params","Check if new position maintains minimum clearance from other segments.  Returns True if clearance is"
"vascular_lib/ops/space_colonization.py","to_dict",42,21,"e5f36110","self","Convert to dictionary."
"vascular_lib/ops/space_colonization.py","from_dict",66,21,"de0424f3","cls,d","Create from dictionary."
"vascular_lib/params/presets.py","liver_arterial_dense",11,24,"e2ce370c","","Dense arterial tree for liver lobe.  Characteristics: - Small influence radius for dense branching -"
"vascular_lib/params/presets.py","liver_venous_sparse",38,24,"1b8b53f3","","Sparse venous tree for liver lobe.  Characteristics: - Larger influence radius for sparser branching"
"vascular_lib/params/presets.py","kidney_arterial",65,24,"8b5ae7a0","","Arterial tree for kidney.  Characteristics: - Very dense branching for high perfusion - Tight curvat"
"vascular_lib/params/presets.py","sparse_debug",92,21,"409129db","","Sparse network for quick visual debugging.  Characteristics: - Very large influence radius - Large s"
"vascular_lib/params/presets.py","lung_arterial",116,24,"f4f21e94","","Pulmonary arterial tree.  Characteristics: - Moderate density - Directional bias toward alveoli - Mo"
"vascular_lib/params/presets.py","brain_arterial",143,24,"e719a2f5","","Cerebral arterial tree.  Characteristics: - Very dense for high metabolic demand - Strict curvature "
"vascular_lib/params/presets.py","get_preset",180,23,"0509b24a","name","Get a parameter preset by name.  Parameters ---------- name : str     Preset name (e.g., 'liver_arte"
"vascular_lib/params/presets.py","list_presets",206,2,"e80a509a","","List all available preset names."
"vascular_lib/params/validation.py","validate_params",30,87,"d4d7b9f9","params","Validate SpaceColonizationParams against bounds.  Parameters ---------- params : SpaceColonizationPa"
"vascular_lib/params/validation.py","validate_and_warn",120,21,"82681147","params","Validate parameters and print warnings.  Parameters ---------- params : SpaceColonizationParams     "
"vascular_lib/rules/constraints.py","to_dict",27,12,"0b463061","self","Convert to dictionary for serialization."
"vascular_lib/rules/constraints.py","from_dict",42,12,"8a1d49fd","cls,d","Create from dictionary."
"vascular_lib/rules/constraints.py","to_dict",68,5,"46d142e6","self","Convert to dictionary for serialization."
"vascular_lib/rules/constraints.py","from_dict",76,5,"c52e6216","cls,d","Create from dictionary."
"vascular_lib/rules/constraints.py","murray",84,9,"14b36c68","cls,gamma,split_ratio_mean,split_ratio_std","Create Murray's law rule."
"vascular_lib/rules/constraints.py","fixed",96,5,"90f319e3","cls,radius","Create fixed radius rule."
"vascular_lib/rules/constraints.py","linear_taper",104,5,"84d95f3c","cls,taper_factor","Create linear taper rule."
"vascular_lib/rules/constraints.py","__post_init__",124,14,"e0a040d7","self","Set default values."
"vascular_lib/rules/constraints.py","get_min_distance",140,3,"22fbebf2","self,type1,type2","Get minimum distance between two vessel types."
"vascular_lib/rules/constraints.py","is_anastomosis_allowed",145,3,"31c684b3","self,type1,type2","Check if anastomosis is allowed between two vessel types."
"vascular_lib/rules/constraints.py","to_dict",150,12,"b11e75a7","self","Convert to dictionary for serialization."
"vascular_lib/rules/constraints.py","from_dict",165,21,"ae461bb0","cls,d","Create from dictionary."
"vascular_lib/rules/constraints.py","__post_init__",203,5,"fa959f61","self","Validate parameters."
"vascular_lib/rules/constraints.py","apply_degradation",210,32,"6c80e828","self,parent_radius,generation","Apply degradation to compute child radius.  Parameters ---------- parent_radius : float     Parent v"
"vascular_lib/rules/constraints.py","should_terminate",244,24,"c4bd46af","self,radius,generation","Check if branch should terminate based on degradation rules.  Parameters ---------- radius : float  "
"vascular_lib/rules/constraints.py","to_dict",270,7,"f320c93a","self","Convert to dictionary for serialization."
"vascular_lib/rules/constraints.py","from_dict",280,7,"ef5f4747","cls,d","Create from dictionary."
"vascular_lib/rules/constraints.py","exponential",290,2,"3ec213a8","cls,factor,min_radius","Create exponential degradation rule."
"vascular_lib/rules/constraints.py","linear",295,2,"09234046","cls,factor,min_radius","Create linear degradation rule."
"vascular_lib/rules/constraints.py","generation_based",300,2,"fafb41e4","cls,factor,max_gen","Create generation-based degradation rule."
"vascular_lib/rules/radius.py","murray_split",10,48,"588e4cf7","parent_radius,gamma,split_ratio,min_radius","Compute child radii from parent radius using Murray's law.  Murray's law: r_parent^gamma = r_child1^"
"vascular_lib/rules/radius.py","apply_radius_rule",61,46,"43b9fdc7","parent_radius,rule_spec,rng","Apply radius rule to compute child radii.  Parameters ---------- parent_radius : float     Parent ve"
"vascular_lib/spatial/grid_index.py","__init__",19,15,"e227ae23","self,network,cell_size","Initialize spatial index.  Parameters ---------- network : VascularNetwork     Network to index cell"
"vascular_lib/spatial/grid_index.py","_get_cell_coords",36,6,"29639f10","self,point","Convert world coordinates to grid cell coordinates."
"vascular_lib/spatial/grid_index.py","_get_cells_for_segment",44,21,"28e2203e","self,segment","Get all grid cells that a segment intersects."
"vascular_lib/spatial/grid_index.py","_build_index",67,7,"b0854914","self","Build spatial index from network segments."
"vascular_lib/spatial/grid_index.py","query_nearby_segments",76,44,"4e4b52e9","self,point,radius","Query segments near a point.  Parameters ---------- point : Point3D     Query point radius : float  "
"vascular_lib/spatial/grid_index.py","_point_to_segment_distance",122,23,"e4ec2d28","self,point,segment","Compute minimum distance from point to segment centerline."
"vascular_lib/spatial/grid_index.py","get_collisions",147,58,"fde299bc","self,min_clearance,exclude_connected","Find all segment pairs that are too close.  Parameters ---------- min_clearance : float     Minimum "
"vascular_lib/spatial/grid_index.py","_segment_to_segment_distance",207,24,"e88f5c6d","self,seg1,seg2","Compute minimum distance between two segment centerlines."
"vascular_lib/specs/design_spec.py","to_dict",18,2,"a923c5d0","self","Convert to dictionary for JSON serialization."
"vascular_lib/specs/design_spec.py","from_dict",23,8,"5c1f2c06","d","Create DomainSpec from dictionary."
"vascular_lib/specs/design_spec.py","from_dict",51,5,"067ac553","d","Create EllipsoidSpec from dictionary."
"vascular_lib/specs/design_spec.py","from_dict",76,5,"7a9f94f9","d","Create BoxSpec from dictionary."
"vascular_lib/specs/design_spec.py","to_dict",92,1,"027ff6eb","self",""
"vascular_lib/specs/design_spec.py","from_dict",96,5,"eee2004a","d",""
"vascular_lib/specs/design_spec.py","to_dict",112,1,"027ff6eb","self",""
"vascular_lib/specs/design_spec.py","from_dict",116,5,"9365f7bc","d",""
"vascular_lib/specs/design_spec.py","to_dict",148,1,"027ff6eb","self",""
"vascular_lib/specs/design_spec.py","from_dict",152,21,"d88fdbf3","d",""
"vascular_lib/specs/design_spec.py","to_dict",184,5,"c141948e","self",""
"vascular_lib/specs/design_spec.py","from_dict",192,5,"2ee6275d","d",""
"vascular_lib/specs/design_spec.py","to_dict",209,6,"5e8139e5","self",""
"vascular_lib/specs/design_spec.py","from_dict",218,6,"ac909202","d",""
"vascular_lib/specs/design_spec.py","__post_init__",237,4,"e74f1366","self",""
"vascular_lib/specs/design_spec.py","to_dict",243,10,"04953478","self",""
"vascular_lib/specs/design_spec.py","to_json",255,2,"4ad3f199","self,path",""
"vascular_lib/specs/design_spec.py","from_dict",260,7,"cdeaeab7","d",""
"vascular_lib/specs/design_spec.py","from_json",270,3,"436bd7d9","path",""
"vascular_lib/specs/eval_result.py","to_dict",79,9,"3be86ba0","self","Convert to dictionary for JSON serialization."
"vascular_lib/specs/eval_result.py","to_json",90,3,"aba1c9f9","self,path","Save to JSON file."
"vascular_lib/specs/eval_result.py","from_dict",96,9,"99ed55c0","d","Create EvalResult from dictionary."
"vascular_lib/specs/eval_result.py","from_json",108,4,"1a2fc809","path","Load from JSON file."
"vascular_lib/tests/test_adapters.py","test_to_networkx_graph",16,37,"6efc3295","","Test conversion to NetworkX graph."
"vascular_lib/tests/test_adapters.py","test_networkx_roundtrip",56,12,"3efe2200","","Test NetworkX conversion round-trip."
"vascular_lib/tests/test_adapters.py","test_to_trimesh_fast",71,27,"5793af35","","Test fast mesh export."
"vascular_lib/tests/test_adapters.py","test_serialization_json_safe",101,22,"0dc85d45","","Test that all results are JSON-serializable."
"vascular_lib/tests/test_anastomosis.py","test_create_anastomosis_basic",15,54,"c1169304","","Test basic anastomosis creation between arterial and venous nodes."
"vascular_lib/tests/test_anastomosis.py","test_create_anastomosis_too_long",72,31,"3b5ba1c4","","Test that anastomosis fails if nodes are too far apart."
"vascular_lib/tests/test_anastomosis.py","test_create_anastomosis_incompatible_types",106,28,"ba1a119d","","Test that anastomosis fails for incompatible vessel types."
"vascular_lib/tests/test_anastomosis.py","test_create_anastomosis_dry_run",137,32,"a28f247f","","Test dry_run mode for anastomosis."
"vascular_lib/tests/test_anastomosis.py","test_check_tree_interactions",172,44,"a84a1f42","","Test checking interactions between arterial and venous trees."
"vascular_lib/tests/test_anastomosis.py","test_check_tree_interactions_single_tree",219,17,"cccfb298","","Test interaction check with only one tree type."
"vascular_lib/tests/test_box_domain.py","test_box_domain_creation",11,13,"bbadc12a","","Test BoxDomain creation."
"vascular_lib/tests/test_box_domain.py","test_box_domain_from_center_and_size",27,15,"93e7999d","","Test BoxDomain creation from center and size."
"vascular_lib/tests/test_box_domain.py","test_box_domain_invalid_dimensions",45,21,"f164aa93","","Test BoxDomain validation."
"vascular_lib/tests/test_box_domain.py","test_box_domain_contains",69,19,"0698174e","","Test BoxDomain.contains()."
"vascular_lib/tests/test_box_domain.py","test_box_domain_project_inside",91,24,"2af153c8","","Test BoxDomain.project_inside()."
"vascular_lib/tests/test_box_domain.py","test_box_domain_distance_to_boundary",118,18,"a8dddb31","","Test BoxDomain.distance_to_boundary()."
"vascular_lib/tests/test_box_domain.py","test_box_domain_sample_points",139,24,"cbaf4411","","Test BoxDomain.sample_points()."
"vascular_lib/tests/test_box_domain.py","test_box_domain_get_bounds",166,9,"9612db5d","","Test BoxDomain.get_bounds()."
"vascular_lib/tests/test_box_domain.py","test_box_domain_serialization",178,23,"851a3bb2","","Test BoxDomain to_dict() and from_dict()."
"vascular_lib/tests/test_box_domain.py","test_box_domain_with_network",204,29,"bc755282","","Test BoxDomain with VascularNetwork."
"vascular_lib/tests/test_collision_repair.py","test_collision_detection",15,38,"25aecfc1","","Test that collisions are detected."
"vascular_lib/tests/test_collision_repair.py","test_repair_by_shrink",56,41,"fdb0e217","","Test collision repair by shrinking."
"vascular_lib/tests/test_collision_repair.py","test_repair_by_terminate",100,43,"17f07440","","Test collision repair by terminating."
"vascular_lib/tests/test_collision_repair.py","test_no_collisions",146,38,"1f32fdb9","","Test that well-separated branches don't trigger collisions."
"vascular_lib/tests/test_component_flows.py","test_compute_component_flows_dual_tree",11,50,"4eea44bd","","Test per-component flow measurements for dual-tree network."
"vascular_lib/tests/test_component_flows.py","test_compute_component_flows_single_tree",64,35,"947fdd4b","","Test per-component flow measurements for single-tree network."
"vascular_lib/tests/test_component_flows.py","test_compute_component_flows_no_flow",102,10,"192b6366","","Test compute_component_flows on network without flow solution."
"vascular_lib/tests/test_degradation.py","test_degradation_rule_exponential",12,13,"06dfb5ec","","Test exponential degradation model."
"vascular_lib/tests/test_degradation.py","test_degradation_rule_linear",28,11,"7b05e119","","Test linear degradation model."
"vascular_lib/tests/test_degradation.py","test_degradation_rule_generation_based",42,10,"af4f993a","","Test generation-based degradation model."
"vascular_lib/tests/test_degradation.py","test_degradation_termination_radius",55,9,"130657b6","","Test termination based on minimum radius."
"vascular_lib/tests/test_degradation.py","test_degradation_termination_generation",67,10,"3ddce2d2","","Test termination based on maximum generation."
"vascular_lib/tests/test_degradation.py","test_bifurcate_with_degradation",80,28,"f3a106b7","","Test bifurcation with degradation rules."
"vascular_lib/tests/test_degradation.py","test_bifurcate_blocked_by_degradation",111,24,"be280bb7","","Test that bifurcation is blocked when degradation rules prevent it."
"vascular_lib/tests/test_degradation.py","test_degradation_serialization",138,12,"294d2907","","Test serialization of degradation rules."
"vascular_lib/tests/test_design_spec.py","test_ellipsoid_spec",9,5,"1d854bbf","",""
"vascular_lib/tests/test_design_spec.py","test_design_from_spec",17,14,"909e8312","",""
"vascular_lib/tests/test_determinism.py","test_deterministic_ids",13,21,"4bc498cd","","Test that same seed produces same IDs."
"vascular_lib/tests/test_determinism.py","test_space_colonization_determinism",37,38,"5ec13b88","","Test that space colonization is deterministic with same seed."
"vascular_lib/tests/test_determinism.py","test_serialization_roundtrip",78,26,"5137fc81","","Test that network can be serialized and deserialized."
"vascular_lib/tests/test_params.py","test_list_presets",7,4,"b1b15be9","",""
"vascular_lib/tests/test_params.py","test_get_preset",14,3,"8499c950","",""
"vascular_lib/tests/test_params.py","test_validate_params",20,3,"cfde5b3e","",""
"vascular_lib/tests/test_perfusion.py","test_compute_perfusion_metrics_dual_tree",14,55,"abbf0d69","","Test perfusion metrics with both arterial and venous trees."
"vascular_lib/tests/test_perfusion.py","test_compute_perfusion_metrics_single_tree",72,18,"9e6878bb","","Test perfusion metrics with only one tree type."
"vascular_lib/tests/test_perfusion.py","test_compute_perfusion_metrics_with_weights",93,35,"a1c7fe42","","Test perfusion metrics with custom weights."
"vascular_lib/tests/test_perfusion.py","test_compute_perfusion_metrics_with_distance_cap",131,28,"42de3ebe","","Test perfusion metrics with distance cap."
"vascular_lib/tests/test_perfusion.py","test_suggest_anastomosis_locations",162,61,"b353f770","","Test suggesting anastomosis locations based on perfusion."
"vascular_lib/tests/test_perfusion.py","test_suggest_anastomosis_no_under_perfused",226,28,"928b4b95","","Test suggesting anastomoses when perfusion is good."
"vascular_lib/tests/test_solver.py","test_solve_flow_simple",15,35,"43affded","","Test flow solver on simple linear network."
"vascular_lib/tests/test_solver.py","test_solve_flow_bifurcation",53,38,"2eae5c31","","Test flow solver on Y-branch."
"vascular_lib/tests/test_solver.py","test_flow_conservation",94,36,"38fa47fb","","Test that flow is conserved at junctions."
"vascular_lib/tests/test_solver.py","test_pressure_monotonicity",133,32,"382fee8a","","Test that pressure decreases along flow direction."
"vascular_lib/visualization/network_plots.py","plot_network",16,67,"fa076db4","network,color_by,ax,show,title","Plot vascular network in 3D with customizable coloring.  Parameters ---------- network : VascularNet"
"vascular_network/analysis/centerline.py","extract_centerline_graph",8,106,"6a540dec","fluid_mask,bbox_min,spacing,keep_largest_component","Extract a centerline graph from a voxelized fluid domain.  - Skeletonize the fluid. - Distance trans"
"vascular_network/analysis/cfd.py","compute_poiseuille_network",7,210,"73c76761","G,mu,inlet_nodes,outlet_nodes,pin,pout,write_to_graph","Solve a Poiseuille flow network on a centerline graph.  Auto-BC mode:   - If inlet_nodes and outlet_"
"vascular_network/analysis/cfd.py","ensure_poiseuille_solved",220,17,"77077e33","G,delta_p,mu","If G has no 'pressure' yet, pick one inlet and one outlet (min-z, max-z leaf) and run Poiseuille; ot"
"vascular_network/analysis/cfd.py","edge_G",32,28,"dd280536","u,v",""
"vascular_network/analysis/connectivity.py","mesh_to_fluid_mask",7,36,"ef05b0a2","mesh,pitch","Voxelize a watertight fluid mesh into a 3D boolean array.  We ONLY use the VoxelGrid for occupancy; "
"vascular_network/analysis/connectivity.py","analyze_connectivity_voxel",46,76,"5e72cad1","mesh,pitch","Analyze connectivity in voxel space:   - number of fluid components   - components that touch the bo"
"vascular_network/analysis/metrics.py","compute_centerline_geometry_metrics",10,112,"20ef589a","G","Extract basic geometric metrics from a centerline graph.  Requires node attribute:     - 'coord' : ("
"vascular_network/analysis/metrics.py","compute_flow_metrics",125,122,"ed9d92d6","G,mu,rho,Q_attr","Compute flow-related metrics on a Poiseuille-solved centerline graph.  Requires per-edge:     - attr"
"vascular_network/analysis/metrics.py","auto_boundaries_for_component",250,46,"3a5efa19","Gc,alpha_z","Pick inlet/outlet nodes for one connected component Gc.  Inlet: node at minimum z with highest degre"
"vascular_network/analysis/metrics.py","solve_poiseuille_by_component",299,86,"d422e3d4","G,mu,delta_p,alpha_z,write_to_graph","Run Poiseuille on each connected component of G separately.  For each component:   - auto-pick inlet"
"vascular_network/analysis/node_metrics.py","compute_node_junction_metrics",10,80,"5c5dcb7e","G","Compute junction metrics for each node in the centerline graph.  For each node, computes: - degree: "
"vascular_network/analysis/node_metrics.py","compute_node_display_sizes",93,102,"93592efe","G,size_by,base_px,radius_scale,degree_scale,degree_alpha,min_px,max_px,inlet_outlet_boost,k_px2,radius_power","Compute display sizes (in matplotlib scatter points^2) for each node.  Parameters ---------- G : net"
"vascular_network/examples/generate_liver_network.py","main",19,74,"41d7d2e3","",""
"vascular_network/io/exporters.py","centerline_graph_to_json",13,68,"35376b00","G,node_pressures,edge_flows","Convert a centerline NetworkX graph (and optional Poiseuille results) into a JSON-serializable dict "
"vascular_network/io/exporters.py","save_validation_report_json",84,38,"4f582cf1","report,json_path,centerline_graph,node_pressures,edge_flows","Save a ValidationReport to JSON, optionally including the full centerline graph.  Parameters -------"
"vascular_network/io/exporters.py","make_llm_context_report",125,264,"4e18df85","report,G,voxel_pitch_used,smooth_iters_used,include_distributions","Create a comprehensive JSON report optimized for LLM context.  This report provides all STL geometry"
"vascular_network/io/exporters.py","save_llm_context_report_json",392,40,"a1919fdc","report,json_path,G,voxel_pitch_used,smooth_iters_used,include_distributions","Save a comprehensive LLM-optimized context report to JSON.  Parameters ---------- report : Validatio"
"vascular_network/io/exporters.py","to_python_type",159,12,"705cc3cf","val","Convert numpy types to Python native types for JSON serialization."
"vascular_network/io/exporters.py","compute_percentiles",173,6,"c53a075f","arr,percentiles","Compute percentiles for an array, handling NaN values."
"vascular_network/io/loaders.py","load_stl_mesh",8,25,"1669652a","path,process","Load an STL into a single Trimesh.  - Accepts a filename or Path. - Uses trimesh.load (lets trimesh "
"vascular_network/io/loaders.py","cad_python_to_stl",36,79,"9ebde105","py_path,stl_path,cq_object_name","Execute a CadQuery Python script and export the resulting shape to STL.  Parameters ---------- py_pa"
"vascular_network/mesh/cleaning.py","basic_clean",5,56,"60c9d808","mesh,min_component_faces,fill_holes,max_hole_area","Lightweight but robust cleanup focused on:   - keeping only the main component   - removing junk fac"
"vascular_network/mesh/diagnostics.py","count_degenerate_faces",7,5,"e39297fb","mesh,area_eps","Count faces whose area is effectively zero."
"vascular_network/mesh/diagnostics.py","estimate_voxel_volume",15,20,"a9e2d8de","mesh,pitch,method","Estimate volume by voxelization:   - voxelize mesh at given pitch   - fill interior   - count voxels"
"vascular_network/mesh/diagnostics.py","compute_diagnostics",38,53,"e2bfd5b5","mesh,volume_pitch,max_voxels","Compute core mesh health/topology metrics, including approximate volume."
"vascular_network/mesh/diagnostics.py","compute_surface_quality",94,45,"c3a413d2","mesh","Compute basic surface quality metrics:   - face areas   - edge lengths   - triangle aspect ratios"
"vascular_network/mesh/repair.py","auto_adjust_voxel_pitch",10,22,"fd34df67","mesh,requested_pitch,max_voxels,min_pitch","Given a mesh and requested voxel pitch, compute a safe pitch such that (dx*dy*dz) / pitch^3 <= max_v"
"vascular_network/mesh/repair.py","voxel_remesh_and_smooth",35,164,"19c89dbd","mesh,pitch,smooth_iters,use_taubin,dilation_iters,closing_iters,opening_iters,max_voxels","Voxel remesh + morphology + smoothing.  Design goals:   - produce a SINGLE, well-connected lumen   -"
"vascular_network/mesh/repair.py","match_volume",202,34,"32851061","mesh,target_volume,max_scale_factor","Uniformly scale mesh so its volume approx equals target_volume.  - Computes scale = (target / curren"
"vascular_network/mesh/repair.py","meshfix_repair",239,54,"dbd64396","mesh,keep_largest_component","Run MeshFix to enforce watertightness and fix topological issues, then optionally keep only the larg"
"vascular_network/mesh/repair.py","validate_and_repair_geometry",296,74,"3e9bf267","input_path,report_path,voxel_pitch,opening_iters,dilation_iters,smoothing_method,smoothing_iters","Validate and repair geometry from STL file with auto voxel pitch selection.  This is a convenience w"
"vascular_network/pipeline.py","make_scaffold_shell_from_fluid",20,43,"7bbef42f","fluid_mask,pitch,wall_thickness","Build a scaffold as a narrow shell around the fluid domain.  Parameters ---------- fluid_mask : (nx,"
"vascular_network/pipeline.py","validate_and_repair_geometry",66,199,"b7cf3ade","input_path,cleaned_stl_path,scaffold_stl_path,wall_thickness,report_path,cad_tessellation_tolerance,voxel_pitch,smooth_iters,dilation_iters,inlet_nodes,outlet_nodes","Full pipeline:  - Load STL or CadQuery .py - Basic clean - Voxel remesh + smooth - MeshFix repair - "
"vascular_network/tests/conftest.py","temp_dir",9,3,"3573b975","","Create a temporary directory for test outputs."
"vascular_network/tests/conftest.py","straight_cylinder_mesh",16,11,"0aad74f2","","Create a straight cylinder mesh for testing."
"vascular_network/tests/conftest.py","y_branch_mesh",31,27,"d1c06dec","","Create a Y-branch mesh for testing."
"vascular_network/tests/test_branching.py","test_y_branch_watertightness",10,18,"b4a146fe","y_branch_mesh,temp_dir","Test that Y-branch mesh becomes watertight after processing."
"vascular_network/tests/test_branching.py","test_y_branch_connectivity",31,15,"516daa1f","y_branch_mesh,temp_dir","Test that Y-branch has proper connectivity."
"vascular_network/tests/test_branching.py","test_y_branch_centerline",49,17,"21c634cd","y_branch_mesh,temp_dir","Test that centerline extraction works for Y-branch."
"vascular_network/tests/test_branching.py","test_y_branch_flow_split",69,55,"983d543a","y_branch_mesh,temp_dir","Test that flow splits correctly at Y-branch."
"vascular_network/tests/test_branching.py","test_y_branch_flow_conservation",127,19,"9565e496","y_branch_mesh,temp_dir","Test that flow is conserved in Y-branch (inlet ≈ sum of outlets)."
"vascular_network/tests/test_branching.py","test_y_branch_pressure_gradient",149,19,"59e7252f","y_branch_mesh,temp_dir","Test that pressure decreases from inlet to outlets."
"vascular_network/tests/test_branching.py","test_y_branch_multiple_components",171,16,"a6946c44","y_branch_mesh,temp_dir","Test that Y-branch is processed as a single connected component."
"vascular_network/tests/test_branching.py","net_outflow",107,7,"ba6ea6c7","node",""
"vascular_network/tests/test_cylinder.py","test_cylinder_watertightness",10,23,"62628642","straight_cylinder_mesh,temp_dir","Test that cylinder mesh becomes watertight after processing."
"vascular_network/tests/test_cylinder.py","test_cylinder_connectivity",36,15,"35b48d53","straight_cylinder_mesh,temp_dir","Test that cylinder has proper connectivity."
"vascular_network/tests/test_cylinder.py","test_cylinder_centerline",54,18,"7e7384ed","straight_cylinder_mesh,temp_dir","Test that centerline extraction works for cylinder."
"vascular_network/tests/test_cylinder.py","test_cylinder_poiseuille_flow",75,29,"1ba27c4c","straight_cylinder_mesh,temp_dir","Test that Poiseuille flow analysis works for cylinder."
"vascular_network/tests/test_cylinder.py","test_cylinder_volume_convergence",107,22,"8f28fb3e","straight_cylinder_mesh,temp_dir","Test that volume converges with finer voxel pitch."
"vascular_network/tests/test_cylinder.py","test_cylinder_flow_conservation",132,19,"c249a8b4","straight_cylinder_mesh,temp_dir","Test that flow is conserved (inlet flow ≈ outlet flow)."
"vascular_network/tests/test_node_metrics.py","test_compute_node_junction_metrics_simple",14,29,"4d03ae69","","Test node metrics on a simple Y-junction."
"vascular_network/tests/test_node_metrics.py","test_murray_law_aggregation",46,18,"732bff27","","Test that Murray's law aggregation is computed correctly."
"vascular_network/tests/test_node_metrics.py","test_compute_node_display_sizes",67,17,"e7eb37d1","","Test display size computation."
"vascular_network/tests/test_node_metrics.py","test_display_sizes_clamping",87,9,"52925558","","Test that display sizes are clamped to min/max."
"vascular_network/tests/test_node_metrics.py","test_size_by_options",99,14,"5a373ed0","","Test different sizing methods."
"vascular_network/tests/test_node_metrics.py","test_node_type_adjustments",116,16,"31e0e147","","Test that different node types get appropriate size adjustments."
"vascular_network/utils.py","timed_stage",6,11,"92881ef2","name","Context manager to print a simple progress message and timing for a pipeline stage."
"vascular_network/visualization/advanced_plots.py","plot_centerline_graph_2d_edges",14,83,"00c9ca6a","G,plane,color_by,log_abs_Q,title","Edge-based 2D plot of the centerline to avoid fake jumps.  Parameters ---------- G : networkx.Graph "
"vascular_network/visualization/advanced_plots.py","plot_flow_distribution_clean",100,26,"8dddfdce","G,edge_attr,qmin_abs","Rank edges by |Q| and plot log10(|Q|) vs rank. Ignore edges below qmin_abs to avoid numerical noise."
"vascular_network/visualization/advanced_plots.py","plot_centerline_scalar_clean",129,41,"64e3ce86","G,edge_attr,log_abs,title","Cleaner version of scalar plot along centerlines."
"vascular_network/visualization/advanced_plots.py","plot_flow_histograms",173,38,"91ea772b","flow_metrics,nbins","Plot histograms of flow metrics (Q, Re, u_mean, R_hyd)."
"vascular_network/visualization/advanced_plots.py","plot_length_and_radius_histograms",214,28,"0b40614f","geom_metrics,bins_length,bins_radius","Plot histograms of edge lengths and radii from geometry metrics."
"vascular_network/visualization/advanced_plots.py","plot_logQ_vs_radius",245,39,"e9e723d0","G,min_Q","Scatter plot of log10|Q| vs radius.  For each edge, radius_mean = avg of node radii (or edge 'radius"
"vascular_network/visualization/advanced_plots.py","print_centerline_geometry_summary",287,11,"f756e25b","geom_metrics","Print summary of centerline geometry metrics."
"vascular_network/visualization/advanced_plots.py","print_flow_summary",301,7,"44745de4","flow_metrics","Print summary of flow metrics."
"vascular_network/visualization/advanced_plots.py","print_poiseuille_component_summary",311,19,"b3ff266a","comp_summaries","Pretty-print per-component flow summaries."
"vascular_network/visualization/flow_plots.py","plot_poiseuille_flows_from_report",12,16,"51e7f9e5","report","Bar plot of total inlet vs outlet flow, based on report.poiseuille_summary."
"vascular_network/visualization/flow_plots.py","plot_centerline_graph_2d",31,71,"0e8ad4b8","G,plane,title,size_by,k_px2,radius_power,min_px,max_px,node_alpha","Plot a 2D projection of the centerline graph with radius-proportional but almost invisible nodes.  P"
"vascular_network/visualization/flow_plots.py","plot_centerline_scalar",105,13,"7cecb14f","G,edge_attr,cmap,log_abs,title","Color edges by a scalar attribute (e.g., Q).  This function now calls plot_centerline_scalar_clean f"
"vascular_network/visualization/flow_plots.py","plot_flow_distribution",121,7,"e71a06d7","G,edge_attr","Plot the distribution of flow values across edges.  This function now calls plot_flow_distribution_c"
"vascular_network/visualization/flow_plots.py","plot_poiseuille_histograms",131,70,"764c8b4c","G,mu","Compute radius, hydraulic resistance, mean velocity and wall shear directly from the graph and plot "
"vascular_network/visualization/flow_plots.py","summarize_poiseuille",204,13,"044f8974","G","Print a basic summary of Poiseuille solution attached to G_centerline."
"vascular_network/visualization/flow_plots.py","safe_hist",183,10,"31b8c0a7","data,ax,title,xlabel",""
"vascular_network/visualization/mesh_plots.py","plot_surface_quality",9,26,"9c7c86a3","mesh,title","Simple surface-quality visualization:   - histogram of face areas   - histogram of edge lengths"
"vascular_network/visualization/mesh_plots.py","plot_surface_quality_from_report",38,8,"2e81b727","report","Load original and cleaned STLs from report and plot their surface-quality histograms."
"vascular_network/visualization/mesh_plots.py","plot_volume_pipeline",49,16,"f9088fac","report","Bar plot of volume across pipeline stages."
"vascular_network/visualization/mesh_plots.py","plot_components_pipeline",68,26,"58dab3b3","report","Bar plot of component count across pipeline stages, plus watertight flags."
"vascular_network/visualization/mesh_plots.py","plot_connectivity_summary",97,19,"9379f806","report","Simple visualization of connectivity metrics from report.connectivity."
"vascular_network/visualization/mesh_plots.py","plot_centerline_radii_summary",119,20,"0f4c7e69","report","Bar plot of min/mean/max centerline radius from report.centerline_summary."
"vascular_network/visualization/reports.py","load_report_json",25,6,"54b16689","json_path","Load a saved JSON report."
"vascular_network/visualization/reports.py","pretty_print_validation_report",34,82,"36ee395a","report","Human-readable summary of a ValidationReport object."
"vascular_network/visualization/reports.py","show_full_report",119,36,"0ce9eb76","report,G_centerline","Convenience function:   - Print a textual summary   - Show pipeline diagnostic plots   - Surface-qua"
"generators/liver/config.py","to_dict",91,42,"cc28fad5","self","Convert config to dictionary for serialization."
"generators/liver/export.py","export_to_python_module",12,93,"698dcddc","arterial_tree,venous_tree,config,output_path","Export vascular network to a Python module file.  The generated module contains: - NODES: List of no"
"generators/liver/export.py","export_to_json",108,39,"9e2987e9","arterial_tree,venous_tree,config,output_path","Export vascular network to JSON file.  Parameters ---------- arterial_tree : VascularTree     Arteri"
"generators/liver/geometry.py","rotate_vector",103,28,"c988eebd","vector,axis,angle_rad","Rotate a vector around an axis by angle (Rodrigues' rotation formula).  Parameters ---------- vector"
"generators/liver/geometry.py","get_perpendicular_vector",134,12,"dba15e68","vector","Get a vector perpendicular to the input vector."
"generators/liver/geometry.py","__init__",13,7,"3522fcd5","self,config",""
"generators/liver/geometry.py","inside_liver",22,3,"70ba8ac4","self,point","Check if a point is inside the ellipsoidal liver domain."
"generators/liver/geometry.py","distance_to_boundary",27,23,"25dd1656","self,point","Approximate distance from point to liver boundary.  For an ellipsoid, this is approximate but suffic"
"generators/liver/geometry.py","get_root_position",52,13,"d027aba5","self,tree_type","Get the root position for arterial or venous tree."
"generators/liver/geometry.py","get_initial_direction",67,9,"4dccc958","self,tree_type","Get initial growth direction for a tree."
"generators/liver/geometry.py","in_meeting_shell",78,3,"9b60a81f","self,point","Check if point is in the meeting shell region."
"generators/liver/geometry.py","beyond_meeting_shell",83,9,"50363f73","self,point,tree_type","Check if point has crossed beyond the meeting shell for this tree."
"generators/liver/geometry.py","center_direction",94,6,"4c1a97f8","self,point","Get unit vector pointing towards liver center from point."
"generators/liver/growth.py","generate_liver_vasculature",360,36,"28001101","config","Generate arterial and venous trees in liver domain.  Parameters ---------- config : LiverVascularCon"
"generators/liver/growth.py","__init__",21,32,"b545eac1","self,config","Initialize generator.  Parameters ---------- config : LiverVascularConfig     Complete configuration"
"generators/liver/growth.py","grow_tree",55,52,"d3235f02","self,tree,other_tree","Grow a single tree until termination criteria met.  Parameters ---------- tree : VascularTree     Tr"
"generators/liver/growth.py","_attempt_continuation",109,51,"ce919700","self,tree,tip,other_tree","Attempt to extend a tip in its current direction."
"generators/liver/growth.py","_attempt_bifurcation",162,86,"654d97b2","self,tree,tip,other_tree","Attempt to create a bifurcation at a tip."
"generators/liver/growth.py","_compute_biased_direction",250,27,"48dba726","self,position,current_direction,tree_type","Compute direction with bias towards center and away from boundary."
"generators/liver/growth.py","_is_valid_position",279,26,"274ce74c","self,position,radius,tree,other_tree,exclude_node_id","Check if a position is valid for growth."
"generators/liver/growth.py","_check_collision",307,50,"b3992087","self,position,radius,tree,exclude_node_id","Check if position collides with tree segments.  Parameters ---------- position : np.ndarray     Posi"
"generators/liver/rules.py","murray_split_radii",13,50,"c3edc221","parent_radius,config,rng","Compute child radii from parent radius using Murray's law.  Murray's law: r_parent^gamma = r_child1^"
"generators/liver/rules.py","compute_branching_probability",66,30,"e7870b11","radius,root_radius,config,rng","Determine if a tip should branch based on its radius.  Probability decreases as radius decreases (sm"
"generators/liver/rules.py","sample_branch_directions",99,51,"9b5b4c2d","parent_direction,config,rng","Sample two child branch directions from parent direction.  Uses branching angle distribution and ran"
"generators/liver/rules.py","perturb_direction",153,36,"dc1a14cf","direction,noise_std_deg,rng","Add small random perturbation to a direction vector.  Parameters ---------- direction : (3,) array  "
"generators/liver/tree.py","to_dict",23,10,"4a87d0dc","self","Convert to dictionary for serialization."
"generators/liver/tree.py","to_dict",48,10,"d5a5d737","self","Convert to dictionary for serialization."
"generators/liver/tree.py","__init__",68,12,"062dcaa9","self,cell_size","Initialize spatial index.  Parameters ---------- cell_size : float     Size of grid cells (meters). "
"generators/liver/tree.py","_get_cell_coords",82,2,"4b0ba70e","self,point","Convert world coordinates to grid cell coordinates."
"generators/liver/tree.py","_get_cells_for_segment",86,18,"f28688da","self,segment","Get all grid cells that a segment intersects."
"generators/liver/tree.py","add_node",106,2,"3ca7ddb8","self,node","Add a node to the index."
"generators/liver/tree.py","add_segment",110,6,"c8e60a59","self,segment","Add a segment to the spatial index."
"generators/liver/tree.py","query_nearby_segments",118,41,"2bfb4359","self,point,radius","Query segments near a point.  Parameters ---------- point : (3,) array     Query point radius : floa"
"generators/liver/tree.py","_point_to_segment_distance",161,16,"07557eb1","self,point,segment","Compute minimum distance from point to segment centerline."
"generators/liver/tree.py","__init__",192,45,"d063e702","self,tree_type,root_position,root_radius,initial_direction,root_id","Initialize a vascular tree.  Parameters ---------- tree_type : str     'arterial' or 'venous' root_p"
"generators/liver/tree.py","add_node",239,4,"282021e4","self,node","Add a node to the tree."
"generators/liver/tree.py","add_segment",245,3,"1baf45a3","self,segment","Add a segment to the tree."
"generators/liver/tree.py","get_node",250,2,"5b7b22cf","self,node_id","Get node by ID."
"generators/liver/tree.py","to_dict",254,6,"765bf51d","self","Convert tree to dictionary for serialization."
